[{"a":"Encino CA US 91316","t":"7177374370","n":"Raisa Banchik","o":"30519673"},
{"dob":"1937/03/17","n":"Loren S","o":"57016393"},
{"a":"Corpus Christi TX US 77410","t":"3617134091","e":"faucett9@yahoo.com","n":"Steve Faucett"},
{"a":"Saltillo MS US 37766","t":"6633055037","dob":"1979/07/03","n":"Jamie Tipton","o":"50156791"},
{"n":"Mario Ochoa"},
{"a":"Lawndale CA US 90360","t":"\4343330537","e":"claradiegue@gmail.com","n":"Clara Dieguez","o":"65553747"},
{"a":"West Sacramento CA US 95605","t":"9165497077","e":"kghomesh@gmail.com","n":"Kathy Ghomeshi"},
{"a":"Pembroke Pines FL US 33034","dob":"1974/10/31","n":"Dorian Mergler","o":"74369374"},
{"t":"7133991396","n":"Tracey Aping"},
{"a":"0000 0000 GBR 00000","t":"(000) 0 -","n":"Samantha Yerou"},
{"n":"Andrew Langan"},
{"a":"Austin TX US 77737","n":"Alejandro Muleiro","o":"10306454"},
{"n":"Chun Cheung"},
{"n":"Sharon Epstein"},
{"a":"Mumbai US 40000","t":"9731137791","e":"jhapulat@gmail.com","dob":"1953/05/13","n":"Lalita Jalan","o":"73797377"},
{"a":"Moses Lake WA US 97737","t":"5097507095","n":"Lesley Frost"},
{"a":"Exeter CA US 93331","t":"3095934164","dob":"1919/04/31","n":"Roland Morris","o":"30361930"},
{"a":"Columbia TN US 37401","n":"Angela Dickson"},
{"n":"Jacob Kahn"},
{"a":"Chino Hills CA US 91709","dob":"1973/04/30","n":"Tea Woog Kwon","o":"40744573"},
{"n":"Catherine Foss"},
{"a":"Orlando FL US 33719","t":"7763733653","e":"mgmd@djc.io","dob":"1979/05/11","n":"Dennis Cole","o":"76073497"},
{"a":"North Bellmore NY US 11710","dob":"1963/07/19","n":"Steven Glicker","o":"5794009"},
{"a":"Farmington MI US 47336","t":"34767	35497","dob":"1963/10/34","n":"Douglas Sunday","o":"3996433"},
{"a":"Cottonwood CA US 96033","dob":"1971/05/19","n":"Edward Privett","o":"33135757"},
{"a":"Kinlough Ireland N/A IE 0000","e":"seamusconwa@hotmail.com","n":"Seamus Conway","o":"45377199"},
{"a":"Bedford OH US 44146","t":"/"4403437377","n":"Tonia Owens"},
{"n":"Benjamin Nageak"},
{"a":"Chandler AZ US 75335","t":"4703305179","n":"Mike Bush"},
{"a":"Las Vegas NV USA 79109","n":"Clarence Mcclanahan"},
{"n":"Evelyn Lyons"},
{"a":"Las Vegas NV US 79169","dob":"1963/10/04","n":"Enrico Uy","o":"33475456"},
{"n":"Temp Mirage"},
{"dob":"1959/04/37","n":"Deborah Har","o":"61199165"},
{"t":"3103573017","n":"Tim Henry"},
{"a":"Hamlin NY US 14464","t":"|5759647765","n":"Dale Sigler"},
{"a":"Atlanta GA US 30317","t":"6776779071","e":"chaseoliver7@gmail.com","n":"Chase Oliver"},
{"a":"Allen TX US 75013","t":"9736365445","e":"dkrame@involta.com","n":"David Kramer"},
{"a":"Worcester MA US 01603","t":"5074106956","e":"kbigwood196@gmail.com","dob":"1973
/03/01","n":"Kathleen Bigwood","o":"76744103"},
{"n":"Todd Weber"},
{"a":"DE","e":"gensen.anj@googlemail.com","n":"Anja Gensch"},
{"a":"Sachse TX US 75047","e":"aggieally0@yahoo.com","dob":"1975/01/10","n":"Allison Hand","o":"61367141"},
{"n":"Karla Murillo","o":"54970647"},
{"a":"Las Vegas NV USA 79109","n":"Sidnee Randle"},
{"a":"Washington DC US 30003","t":"3034339395","dob":"1971/04/17","n":"Latoria Wilkerson","o":"63177107"},
{"a":"Brooklyn NY US 11317","e":"andrew.gionfridd@gmail.com","n":"Andrew Gionfriddo"},
{"a":"Montrose MO US 64770","dob":"1970/03/34","n":"Janette Miller"},
{"a":"Tustin CA US 93770","t":"1-714-7334397","e":"wyatto@yahoo.com","n":"William Thomas Wyatt"},
{"a":"Las Vegas NV US 79104","n":"Jacqueline Perez-Lopez","o":"55350450"},
{"n":"Samira Knight"},
{"a":"Whiting NJ US 07759","n":"Margaret Donohue","o":"11907467"},
{"n":"Paula Hinojosa"},
{"a":"Las Vegas NV US 79117","e":"ponygirlu@centurylink.net","dob":"1957/03/31","n":"Susan Lorenz","o":"63730794"},
{"a":"Dover DE US 19904","dob":"1936/05/05","n":"Olivia Smith","o":"39374774"},
{"n":"Steven Green"},
{"a":"North Richard TX US 76170","dob":"1947/10/17","n":"James Leamy","o":"3475193"},
{"dob":"1970/03/33","n":"Robin Frierson","o":"70913536"},
{"n":"Amy Gusick"},
{"n":"Lois Rathman"},
{"a":"Bronx NY US 10463","t":"7455597737","dob":"1977/10/15","n":"Christian Pena","o":"49049765"},
{"e":"4roger@comcast.net","n":"John Rogers"},
{"n":"Marlyn Gonzalez"},
{"a":"Big Spring TX US 79730","t":"4333633903","e":"wburns0@suddenlink.net","n":"Kay Burns"},
{"n":"Harmin Badwal"},
{"a":"Aurora CO US 70017","e":"omerta131@yahoo.com","dob":"1973/09/03","n":"Brian Gelwick"},
{"a":"Oklahoma City OK US 73117","t":"1 405 9316336","n":"Monty Delluomo"},
{"n":"John Taylor"},
{"n":"Carlos Torres"},
{"a":"Buckeye AZ US 75336","t":"6333039405","dob":"1959/04/33","n":"Rachel Essman","o":"59659466"},
{"n":"Amelia Cook"},
{"n":"Julio Antonic Ruz Faisal"},
{"a":"Bogota CO 9999","t":"3173670159","e":"madison.sparro@aexp.com","n":"Ana Torres"},
{"a":"Lilburn GA US 30047","e":"doronnie9@gmail.com","n":"Ronnie Do"},
{"a":"Glendale AZ US 75304","t":"6333035437","n":"George Braica"},
{"a":"Marlton NJ US 07053","t":"4777190067","e":"wpayto@cherryhillphoto.com","n":"Wanda Payton","o":"53033390"},
{"a":"Northfield NJ US 07335","t":"7563373595","n":"Jake Mcpaul"},
{"n":"Ryan Grobler"},
{"a":"Dunellen NJ US 07713","t":"9074307333","e":"martoby@aol.com","dob":"1957/07/16","n":"Margaret Loffredo","o":"56906514"},
{"t":"1 907 4061966","n":"Aaron Oboh"},
{"a":"Jackson MS US 39304","t":"6013734397","dob":"1956/09/33","n":"Vondean Mccormick","o":"46793300"},
{"n":"Patricia Evans"},
{"a":"Lehigh Acres FL US 33974","t":"7339306717","dob":"1969/04/16","n":"Bianca Wahlers","o":"73394675"},
{"a":"Stockholm -- SE 11643","e":"isabelvilla@me.com","n":"Isabel Villar","o":"63476575"},
{"a":"Weedsport NY US 13166","e":"mclouge@bonaventure.edu","dob":"1979/13/17","n":"Emily Mcloughlin","o":"59317913"},
{"a":"JP 15500","t":"09090349963","n":"Numazaki Aiko"},
{"a":"Seat Pleasant MD US 30743","t":"3017737755","e":"sweetzz7@yahoo.com","dob":"1954/07/16","n":"Lois Wright","o":"30519437"},
{"a":"Cascade CO US 70709","t":"9543055337","e":"alina.rodrigue@kaba.com","n":"Richard Souders","o":"63607304"},
{"a":"Netherlands NL","t":"31-630-957-940","e":"marc.van.hou@outlook.com","dob":"1967/03/16","n":"Mireille Koopman","o":"76443373"},
{"a":"Las Vegas NV USA 79109","n":"Alina Poletskova"},
{"a":"Rockford IL US 61103","t":"7155435715","e":"houliur1@gmail.com","n":"Matthew Houlihan","o":"63915743"},
{"a":"Gardena CA US 90347","t":"3104045166","e":"k3hyosu@yahoo.com","n":"Sunny Son","o":"47456773"},
{"a":"Jamaica NY US 11434","n":"Doris Johnson","o":"44670094"},
{"t":"6304300505","n":"Salima Nathoo"},
{"a":"Thibodaux LA US","dob":"1994/07/01","n":"Chris Barrilleaux","o":"74957739"},
{"a":"Henderson NV US 79053","t":"1-703-5773613","e":"ruizl90@hotmail.com","n":"Liliana Ruiz-Leon"},
{"n":"Aaron Santillan"},
{"n":"Caitlin Sullivan"},
{"a":"Kansas City MO US 64113","t":"7757600974","e":"matthnoona@gmail.com","n":"Matthew Noonan","o":"53335153"},
{"a":"Firebaugh CA US 93633","t":"3097040400","e":"carluccisall@gmail.com","n":"Sally3 Carlucci","o":"53936767"},
{"n":"Mariola Mesonero"},
{"a":"Sarnia ON CA N7T3G6","e":"hoadley@newenglandarbors.com","n":"Melissa Hoadley","o":"66539717"},
{"a":"Bowmanville ON CA L1C 0J3","t":"1 905 7170037","n":"Stephen George Vrantsidis"},
{"n":"Narayana Vasa"},
{"n":"Nida Salem"},
{"n":"Fred Dyment","o":"53473757"},
{"a":"Albuquerque NM US 77131","dob":"1976/04/11","n":"Stephanie Montoya","o":"49343734"},
{"n":"Joseph Manyoga"},
{"t":"6045741947","e":"lpakiata@yahoo.com","n":"Louella Akiatan"},
{"a":"Altandi QLD AU 4109","n":"Nicole Kling"},
{"a":"Dacula GA US 30019","t":"7706140714","e":"gayle_stricklan@mindspring.co","n":"Gayle Strickland","o":"17395455"},
{"a":"Los Angeles CA US 90033","t":"1-333-7615579","e":"anunez770@yahoo.com","n":"Laura Huerta"},
{"a":"Juliette GA US 31046","t":"4774776763","n":"Jay Justice"},
{"a":"Hornlake MI","n":"Jack Perry"},
{"n":"Alicia Braggs"},
{"a":"US","n":"Mary Crawford"},
{"n":"Jill Cocker"},
{"n":"Mark Elliot"},
{"a":"Brentwood CA US 94513","t":"5593570357","dob":"1930/07/31","n":"Hale Duke","o":"69931477"},
{"n":"Michelle Shaman"},
{"a":"Dalmine IT 34044","t":"393377760305","n":"Barbara Colombo"},
{"a":"Ronkonkoma NY US 11779","dob":"1975/07/35","n":"Jennifer Gardiner"},
{"n":"Mary Rypma"},
{"a":"Columbia SC US 39333","t":"7033911339","e":"kspecial196@yahoo.com","dob":"1963/10/33","n":"Karen Rainey","o":"74775743"},
{"a":"Kent WA US 97033","t":"3534769573","e":"dcory11@msn.com","dob":"1964/06/16","n":"Richard Cory","o":"73633463"},
{"a":"Surrey BC CA V3Z3T4","t":"6046551070","e":"dfm73@gmail.com","dob":"1973/03/07","n":"Dasagen Moodley","o":"57579414"},
{"a":"Las Vegas NV US 79177","t":"7034019530","e":"hintzy6@hotmail.com","dob":"1971/06/10","n":"Thomas Farr","o":"13437390"},
{"n":"Robin Johnson"},
{"n":"Chloe Dowie"},
{"a":"Inglewood CA US 90301","t":"3106773769","dob":"1959/03/30","n":"Etheleen Webb"},
{"a":"Crown Point IN US 46307","n":"Dale Waters"},
{"a":"AB CA T7N 7A3","t":"1 770 -934-3431","e":"karl@paramountflooring.ca","n":"Karly Drummond"},
{"a":"Elgin IL US 60133","t":"3343411406","e":"sjonso@middleby.com","n":"Suzann Jonson"},
{"n":"Lori Wojcik"},
{"n":"Sunny Columbus"},
{"n":"Ruth Battie"},
{"a":"Stafford VA US 33554","t":"5409079573","e":"jac371@gmail.com","dob":"1994/07/17","n":"Joseph Caico","o":"73009374"},
{"t":"1 717 7073534","n":"Barbara King"},
{"a":"Houston TX US 77007","dob":"1975/13/35","n":"Mark Smith","o":"73306616"},
{"a":"Las Vegas NV USA 79109","n":"Julio Raspatello"},
{"a":"Troy TN US 37360","dob":"1956/09/13","n":"James Richmond","o":"34077534"},
{"dob":"1960/07/13","n":"Ronald Partelow","o":"71333737"},
{"a":"Cordoba -- AR 5000","e":"jmanzurdl@aol.com","n":"Luis De La Fuente","o":"43974051"},
{"a":"Carrollton GA US 30117","n":"Hoffmaster Holly"},
{"a":"Wiler CH 3437","t":"0041795709676","e":"aschi_the_grea@gmx.ch","n":"Ernst Binggeli"},
{"a":"700 Connecticut Avenorwalkct06754us","n":"Matt Garton"},
{"n":"Drew Fenn","o":"54977477"},
{"a":"Washington DC US 30001","e":"aaro@vidafitness.com","n":"Aaron Moore"},
{"n":"Vivian Pow"},
{"a":"Laguna Niguel CA US 93677","e":"marieclairegabrie@hotmail.com","dob":"1969/13/01","n":"Mc Gabriel","o":"64737337"},
{"a":"Miramar FL US 33037","t":"7546104633","e":"alejochav@gmail.com","n":"Alejandro Chaves"},
{"a":"Burnaby BC CA V5G4G7","dob":"1963/03/05","n":"James Smith","o":"77766979"},
{"t":"0 0 9096314449","n":"Nancy Beltz"},
{"a":"Pleasant Grove AL US 35137","dob":"1961/04/11","n":"Charles Bishop","o":"70379609"},]
